analysis/agent-attribution	5ea977ae	2026-07-28 15:20:42 +0300
analysis/bluegreen-design	44f10f98	2026-07-29 10:53:50 +0300
analysis/bun-upgrade-path	3bc0d3a4	2026-07-29 10:41:02 +0300
analysis/cache-throttle	43c69952	2026-07-28 15:19:25 +0300
analysis/ccmax-502	9a7575c3	2026-07-28 15:18:35 +0300
analysis/issue-273-ops-mitigations	7ebda11d	2026-07-28 15:13:49 +0300
analysis/issue-273-retention	3a9f4677	2026-07-28 15:14:57 +0300
analysis/native-fallback	7e892f34	2026-07-28 15:17:48 +0300
ao/ccflare-101/fix-runaway-loop-session-key	d75c8f35	2026-08-01 00:04:58 +0300
ao/ccflare-111/stock-v3.5.46-validation	47d377a3	2026-08-01 11:10:10 +0300
ao/ccflare-112/deployment-multi-instance-doc	e6d70971	2026-08-01 12:52:35 +0300
ao/ccflare-112/docs-multi-instance-guard-independent	f090a171	2026-08-01 14:16:30 +0300
ao/ccflare-112/multi-instance-guard-rebase	b478c0bb	2026-08-01 12:47:37 +0300
ao/ccflare-112/pr-376-add-greptile-fix	700155c3	2026-08-01 13:15:18 +0300
ao/ccflare-112/stage-0-ha-finalize-report	b25725cd	2026-08-01 12:59:13 +0300
ao/ccflare-113/provenance	2ab14f37	2026-08-01 13:23:52 +0300
ao/ccflare-114/issue-107-test-stability	f3524cd9	2026-08-01 15:18:19 +0300
ao/ccflare-115/disable-inherited-workflows	d2f1d64a	2026-08-01 14:47:30 +0300
ao/ccflare-117/reply-348-pr360	bd6ecbab	2026-08-01 21:33:32 +0300
ao/ccflare-117/root	053746c1	2026-07-27 23:47:12 +0200
ao/ccflare-118/root	2230ad9c	2026-08-01 21:38:49 +0300
ao/ccflare-39/root	3803084c	2026-07-28 14:28:35 +0300
ao/ccflare-40/root	6abe41fb	2026-07-28 14:18:02 +0300
ao/ccflare-42/root	c4171115	2026-07-29 14:48:16 +0300
ao/ccflare-45/root	8e148a7e	2026-07-29 14:48:23 +0300
ao/ccflare-51/root	82c16a80	2026-07-29 14:48:25 +0300
ao/ccflare-54/fix/cb-exhaustiveness-guard	2f969426	2026-07-28 16:11:07 +0300
ao/ccflare-57/root	24550bed	2026-07-28 16:36:35 +0300
ao/ccflare-58/root	9875114d	2026-07-28 17:27:16 +0300
ao/ccflare-59/qa-family-b	4cd4a8af	2026-07-28 17:34:20 +0300
ao/ccflare-63/root	44f10f98	2026-07-29 10:53:50 +0300
ao/ccflare-64/bun-upgrade-analysis	3bc0d3a4	2026-07-29 10:41:02 +0300
ao/ccflare-75/root	fe5d52c4	2026-07-30 12:07:13 +0300
ao/ccflare-76/root	9c44de10	2026-06-23 19:43:38 +0000
ao/ccflare-79/root	c94b6110	2026-07-30 21:26:10 +0300
ao/ccflare-79/version-suffix	98d9cc7b	2026-07-30 23:28:42 +0300
ao/ccflare-80/abandoned-streams-attribution	e47c78ed	2026-07-30 23:58:05 +0300
ao/ccflare-80/root	c94b6110	2026-07-30 21:26:10 +0300
ao/ccflare-81/harden-agent-autodiscover	9f628cdc	2026-07-30 23:29:02 +0300
ao/ccflare-81/root	c94b6110	2026-07-30 21:26:10 +0300
ao/ccflare-82/root	c94b6110	2026-07-30 21:26:10 +0300
ao/ccflare-83/root	c94b6110	2026-07-30 21:26:10 +0300
ao/ccflare-84/root	c94b6110	2026-07-30 21:26:10 +0300
ao/ccflare-85/root	c94b6110	2026-07-30 21:26:10 +0300
ao/ccflare-86/root	c94b6110	2026-07-30 21:26:10 +0300
ao/ccflare-87/root	c94b6110	2026-07-30 21:26:10 +0300
ao/ccflare-88/root	c94b6110	2026-07-30 21:26:10 +0300
ao/ccflare-89/root	c94b6110	2026-07-30 21:26:10 +0300
ao/ccflare-90/root	c94b6110	2026-07-30 21:26:10 +0300
ao/ccflare-91/root	c94b6110	2026-07-30 21:26:10 +0300
ao/ccflare-92/root	c94b6110	2026-07-30 21:26:10 +0300
ao/ccflare-orchestrator	9c44de10	2026-06-23 19:43:38 +0000
archive/fork-main-20260731	c94b6110	2026-07-30 21:26:10 +0300
bench/bun-1223-void	50eba125	2026-07-29 10:53:15 +0300
bench/bun-35093-validation	a4328761	2026-07-28 14:50:28 +0300
cb-merged-test	fc8ccb22	2026-07-28 17:24:12 +0300
deploy/2026-07-30	053746c1	2026-07-27 23:47:12 +0200
deploy/2026-07-30-deploy-dockerfile	b2c8688e	2026-05-06 10:58:31 +0300
deploy/2026-07-30-dockerfile	ff48c352	2026-07-30 12:33:39 +0300
deploy/2026-07-31	00de328f	2026-07-31 11:21:12 +0300
deploy/zp4	27b58105	2026-07-31 13:51:50 +0300
deploy/zp5	bf56ff14	2026-07-31 15:25:09 +0300
deploy/zp6	11bf4f36	2026-07-31 19:04:57 +0300
docs/351-multi-instance-path	3ee1727d	2026-08-01 06:25:09 +0300
feat/cb-fix-b-shouldallow-gate	c65e2f42	2026-07-29 14:25:00 +0300
feat/cb-wave2-capacity-endpoint	3803084c	2026-07-28 14:28:35 +0300
feat/cb-wave2-chokepoint	a3a9bf38	2026-07-28 14:25:20 +0300
feat/cb-wave2-circuit-open-response	983437cb	2026-07-28 15:00:17 +0300
feat/cb-wave2-sse-drain	e4ee9131	2026-07-28 15:08:24 +0300
feat/circuit-breaker-core	916c473b	2026-07-28 13:37:38 +0300
feat/dreaming-rollup-and-pg-prune	cdb61259	2026-07-30 21:14:49 +0300
feat/sse-admission-control	61825651	2026-07-28 12:57:24 +0300
fix-runaway-loop-rebased	94b97a3a	2026-08-01 00:10:53 +0300
fix/build-suffix-version	4cd1296d	2026-07-31 13:42:48 +0300
fix/bun-leak-273-cancel-discarded-bodies	7feb8977	2026-07-28 14:46:55 +0300
fix/cb-exhaustiveness-guard	24550bed	2026-07-28 16:36:35 +0300
fix/dashboard-dead-branches	a7b6b0c0	2026-07-31 18:23:35 +0300
fix/multi-instance-guard	bf4a2f54	2026-08-01 00:32:50 +0300
fix/no-account-stats-binding	946b23cb	2026-07-31 14:06:08 +0300
fix/pool-exhausted-usage-aware	f47702bf	2026-07-31 13:05:13 +0300
fix/runaway-loop-session-key	a3f6b99d	2026-07-31 13:27:43 +0300
main	f271e67c	2026-07-30 12:34:45 +0300
pr343-local	71bd8386	2026-07-27 23:00:56 +0300
pr345-local	6abbe3c0	2026-07-27 21:07:14 +0300
pr364	7d753e8f	2026-07-31 09:22:10 +0200
rescue/codex-usage-uncommitted	95adf47e	2026-07-30 12:36:05 +0300
review/accumulated-work	6abe41fb	2026-07-28 14:18:02 +0300
task-c/bun-1223-leak-bench	50eba125	2026-07-29 10:53:15 +0300
verify/session-affinity-240	f08c2085	2026-07-28 15:12:38 +0300
worktree-agent-a9103841848b58936	7bcd2f2c	2026-07-31 23:40:55 +0300
worktree-agent-a97a1a17d33d29911	9906331b	2026-07-31 23:51:12 +0300
