timestamp_ms,rss_bytes,heap_used_bytes,external_bytes
1786056295602,17678336,1005221,351029
1786056295651,17829888,1005221,351029
1786056295702,17862656,1008350,352286
1786056295754,17866752,1008592,352304
1786056295805,17870848,1008770,352322
1786056295856,17870848,1008948,352340
1786056295906,17874944,1009106,352354
1786056295958,17874944,1009396,352372
1786056296009,17874944,1009554,352386
1786056296061,17874944,1009712,352400
1786056296112,17874944,1009870,352414
1786056296162,17874944,1010028,352428
1786056296214,17874944,1010186,352442
1786056296265,17879040,1010568,352456
1786056296316,17883136,1010568,352456
1786056296367,17883136,1010568,352456
1786056296417,17883136,1010568,352456
1786056296467,17895424,1010568,352456
1786056296517,17895424,1010568,352456
1786056296568,17895424,1011411,352547
1786056296618,17895424,1011569,352561
1786056296670,17895424,1011727,352575
1786056296722,17895424,1011885,352589
1786056296774,17895424,1012043,352603
1786056296825,17895424,1012201,352617
1786056296877,17895424,1012359,352631
1786056296931,17899520,1012517,352645
1786056296983,17899520,1013127,352663
1786056297033,17899520,1013127,352663
1786056297083,17899520,1013127,352663
1786056297134,17899520,1013127,352663
1786056297184,17899520,1013127,352663
1786056297234,17899520,1013127,352663
1786056297285,17899520,1013127,352663
1786056297336,17911808,1013127,352663
1786056297387,17985536,1013127,352663
1786056297438,17989632,1013127,352663
1786056297489,17989632,1013127,352663
1786056297541,17989632,1014883,352819
1786056297592,17989632,1015041,352833
1786056297642,17989632,1015199,352847
1786056297694,17989632,1015357,352861
1786056297746,17989632,1015515,352875
1786056297797,17993728,1015673,352889
1786056297848,17993728,1015851,352907
1786056297900,17993728,1016009,352921
1786056297951,17993728,1016167,352935
1786056298003,17993728,1016325,352949
1786056298056,17993728,1016483,352963
1786056298107,17997824,1016641,352977
1786056298159,17997824,1016819,352995
1786056298210,17997824,1016977,353009
1786056298261,17997824,1017135,353023
1786056298312,17997824,1018173,353037
1786056298364,17997824,1018331,353051
1786056298414,17997824,1018489,353065
1786056298466,17997824,1018647,353079
1786056298517,17997824,1018805,353093
1786056298568,17997824,1018963,353107
1786056298618,17997824,1018963,353107
1786056298668,17997824,1018963,353107
1786056298720,17997824,1018963,353107
1786056298770,17997824,1018963,353107
1786056298821,17997824,1018963,353107
1786056298871,17997824,1018963,353107
1786056298922,17997824,1018963,353107
1786056298973,17997824,1018963,353107
1786056299024,17997824,1018963,353107
1786056299074,17997824,1018963,353107
1786056299125,17997824,1018963,353107
1786056299175,17997824,1018963,353107
1786056299225,17997824,1018963,353107
1786056299276,17997824,1018963,353107
1786056299327,17997824,1018963,353107
1786056299377,17997824,1018963,353107
1786056299427,17997824,1018963,353107
1786056299478,17997824,1018963,353107
1786056299529,17997824,1021371,353355
1786056299581,17997824,1021529,353369
1786056299636,17997824,1021687,353383
1786056299688,17997824,1021845,353397
1786056299740,17997824,1022003,353411
1786056299794,17997824,1022161,353425
1786056299860,17997824,1022319,353439
1786056299911,17997824,1022477,353453
1786056299963,17997824,1022635,353467
1786056300013,18001920,1022793,353481
1786056300065,18001920,1022971,353499
1786056300117,18001920,1023129,353513
1786056300168,18001920,1023287,353527
1786056300220,18001920,1023445,353541
1786056300270,18001920,1023603,353555
1786056300322,18001920,1023761,353569
1786056300373,18001920,1023919,353583
1786056300423,18001920,1024077,353597
1786056300474,18001920,1024077,353597
1786056300525,18001920,1024360,353624
1786056300576,18001920,1024518,353638
1786056300628,18001920,1024676,353652
1786056300679,18001920,1024834,353666
1786056300730,18006016,1024992,353680
1786056300781,18006016,1025170,353698
1786056300832,18006016,1025328,353712
1786056300884,18006016,1025486,353726
1786056300935,18006016,1025644,353740
1786056300986,18006016,1025802,353754
1786056301037,18006016,1025960,353768
1786056301089,18006016,1026118,353782
1786056301143,18006016,1026276,353796
1786056301194,18010112,1028210,353810
1786056301245,18010112,1028388,353828
1786056301296,18010112,1028546,353842
1786056301348,18010112,1028704,353856
1786056301399,18010112,1028862,353870
1786056301450,18010112,1029020,353884
1786056301501,18010112,1029178,353898
1786056301553,18010112,1029336,353912
1786056301603,18010112,1029336,353912
1786056301653,18010112,1029336,353912
1786056301703,18010112,1029336,353912
1786056301754,18010112,1029336,353912
1786056301804,18010112,1029336,353912
1786056301855,18010112,1029336,353912
1786056301906,18010112,1029336,353912
1786056301956,18010112,1029336,353912
1786056302007,18010112,1029336,353912
1786056302058,18010112,1029336,353912
1786056302108,18010112,1029336,353912
1786056302158,18010112,1029336,353912
1786056302208,18010112,1029336,353912
1786056302259,18010112,1029336,353912
1786056302309,18010112,1029336,353912
1786056302360,18010112,1029336,353912
1786056302410,18010112,1029336,353912
1786056302460,18010112,1029336,353912
1786056302511,18010112,1029336,353912
1786056302562,18010112,1031869,354173
1786056302613,18010112,1032027,354187
1786056302665,18010112,1032185,354201
1786056302716,18010112,1032343,354215
1786056302768,18034688,1032501,354229
1786056302819,19615744,1033639,354983
1786056302870,19619840,1033817,355001
1786056302922,19619840,1033995,355019
1786056302973,19619840,1034153,355033
1786056303024,19619840,1034311,355047
1786056303076,19619840,1034469,355061
1786056303131,19623936,1034627,355075
1786056303185,19623936,1034805,355093
1786056303240,19623936,1034963,355107
1786056303300,19628032,1035121,355121
1786056303352,19632128,1035299,355139
1786056303404,19652608,1035477,355157
1786056303455,19652608,1035477,355157
1786056303505,19652608,1035477,355157
1786056303557,19652608,1035905,355201
1786056303612,19652608,1036063,355215
1786056303666,19652608,1036221,355229
1786056303717,19652608,1036379,355243
1786056303781,19652608,1036537,355257
1786056303838,19652608,1036695,355271
1786056303899,19652608,1036853,355285
1786056303951,19652608,1037011,355299
1786056304004,19652608,1037169,355313
1786056304055,19652608,1037327,355327
1786056304106,19652608,1037485,355341
1786056304158,19652608,1037643,355355
1786056304209,19652608,1037801,355369
1786056304260,19652608,1037959,355383
1786056304311,19652608,1038117,355397
1786056304362,19652608,1038275,355411
1786056304414,19652608,1038433,355425
1786056304465,19652608,1038591,355439
1786056304519,19652608,1038749,355453
1786056304570,19652608,1038907,355467
1786056304620,19652608,1038907,355467
1786056304671,19652608,1038907,355467
1786056304721,19652608,1038907,355467
1786056304771,19652608,1038907,355467
1786056304823,19652608,1038907,355467
1786056304873,19652608,1038907,355467
1786056304923,19652608,1038907,355467
1786056304974,19652608,1038907,355467
1786056305024,19652608,1038907,355467
1786056305075,19652608,1038907,355467
1786056305126,19652608,1038907,355467
1786056305176,19652608,1038907,355467
1786056305226,19652608,1038907,355467
1786056305277,19652608,1038907,355467
1786056305328,19652608,1038907,355467
1786056305379,19652608,1038907,355467
1786056305430,19652608,1038907,355467
1786056305480,19652608,1038907,355467
1786056305531,19652608,1041315,355715
1786056305582,19644416,1041473,355729
1786056305633,19644416,1041651,355747
1786056305684,19644416,1041809,355761
1786056305735,19644416,1041967,355775
1786056305786,19644416,1042125,355789
1786056305837,19660800,1042283,355803
1786056305887,19660800,1042283,355803
1786056305937,19660800,1042283,355803
1786056305987,19660800,1042283,355803
1786056306038,19660800,1042283,355803
1786056306089,19660800,1042283,355803
1786056306140,19660800,1042283,355803
1786056306190,19660800,1042283,355803
1786056306240,19660800,1042283,355803
1786056306290,19660800,1042283,355803
1786056306341,19660800,1042283,355803
1786056306391,19660800,1042283,355803
1786056306442,19660800,1042283,355803
1786056306492,19660800,1042283,355803
1786056306543,19660800,1044086,355990
1786056306594,19660800,1044244,356004
1786056306645,19660800,1044402,356018
1786056306697,19660800,1044560,356032
1786056306749,19660800,1044718,356046
1786056306801,19660800,1044876,356060
1786056306851,19660800,1045034,356074
1786056306902,19660800,1045192,356088
1786056306953,19673088,1048022,356102
1786056307004,19673088,1048022,356102
1786056307055,19673088,1048022,356102
1786056307106,19673088,1048022,356102
1786056307156,19673088,1048022,356102
1786056307207,19673088,1048022,356102
1786056307257,19673088,1048022,356102
1786056307308,19673088,1048022,356102
1786056307359,19673088,1048022,356102
1786056307409,19673088,1048022,356102
1786056307460,19673088,1048022,356102
1786056307511,19673088,1048022,356102
1786056307563,19673088,1049575,356263
1786056307614,19673088,1049733,356277
1786056307665,19673088,1049891,356291
1786056307717,19677184,1050049,356305
1786056307768,19677184,1050227,356323
1786056307823,19677184,1050385,356337
1786056307878,19677184,1050543,356351
1786056307929,19677184,1050701,356365
1786056307980,19677184,1050859,356379
1786056308032,19677184,1051017,356393
1786056308083,19677184,1051175,356407
1786056308134,19677184,1051333,356421
1786056308185,19677184,1051491,356435
1786056308236,19681280,1051649,356449
1786056308289,19681280,1051827,356467
1786056308342,19681280,1051985,356481
1786056308395,19681280,1052143,356495
1786056308446,19681280,1052301,356509
1786056308498,19681280,1052459,356523
1786056308548,19681280,1052617,356537
1786056308599,19681280,1052617,356537
1786056308650,19681280,1052617,356537
1786056308700,19681280,1052617,356537
1786056308751,19681280,1052617,356537
1786056308802,19681280,1052617,356537
1786056308853,19681280,1052617,356537
1786056308904,19681280,1052617,356537
1786056308954,19681280,1052617,356537
1786056309005,19681280,1052617,356537
1786056309056,19681280,1052617,356537
1786056309106,19681280,1052617,356537
1786056309157,19681280,1052617,356537
1786056309208,19681280,1052617,356537
1786056309258,19681280,1052617,356537
1786056309309,19681280,1052617,356537
1786056309359,19681280,1052617,356537
1786056309410,19681280,1052617,356537
1786056309460,19681280,1052617,356537
1786056309510,19681280,1052617,356537
1786056309563,19681280,1055150,356798
1786056309614,19681280,1055308,356812
1786056309665,19681280,1055466,356826
1786056309716,19681280,1055624,356840
1786056309768,19681280,1055782,356854
1786056309819,19681280,1055940,356868
1786056309871,19681280,1056098,356882
1786056309922,19681280,1056256,356896
1786056309973,19681280,1056414,356910
1786056310024,19681280,1056572,356924
1786056310075,19681280,1056730,356938
1786056310127,19681280,1056888,356952
1786056310178,19681280,1057046,356966
1786056310228,19681280,1057204,356980
1786056310279,19681280,1057362,356994
1786056310330,19685376,1057520,357008
1786056310381,19685376,1057698,357026
1786056310432,19685376,1057856,357040
1786056310483,19685376,1058014,357054
1786056310534,19685376,1058172,357068
1786056310585,19685376,1058330,357082
1786056310636,19685376,1058488,357096
1786056310687,19685376,1058646,357110
1786056310738,19685376,1058804,357124
1786056310789,19685376,1058962,357138
1786056310840,19685376,1059120,357152
1786056310890,19685376,1059120,357152
1786056310940,19685376,1059120,357152
1786056310990,19685376,1059120,357152
1786056311041,19685376,1059120,357152
1786056311091,19685376,1059120,357152
1786056311142,19685376,1059120,357152
1786056311192,19685376,1059120,357152
1786056311242,19685376,1059120,357152
1786056311293,19685376,1059120,357152
1786056311343,19685376,1059120,357152
1786056311394,19685376,1059120,357152
1786056311444,19685376,1059120,357152
1786056311495,19685376,1059120,357152
1786056311547,19685376,1060903,357335
1786056311598,19701760,1061061,357349
1786056311649,19701760,1061239,357367
1786056311700,19701760,1061397,357381
1786056311751,19701760,1061555,357395
1786056311802,19701760,1061713,357409
1786056311854,19701760,1061871,357423
1786056311905,19701760,1062029,357437
1786056311957,19701760,1062187,357451
1786056312008,19701760,1062345,357465
1786056312059,19701760,1062503,357479
1786056312109,19701760,1062661,357493
1786056312161,19701760,1062819,357507
1786056312211,19701760,1062977,357521
1786056312263,19701760,1063135,357535
1786056312313,19709952,1063293,357549
1786056312364,19709952,1063471,357567
1786056312415,19714048,1063629,357581
1786056312466,19714048,1063807,357599
1786056312518,19718144,1063965,357613
1786056312572,19718144,1064143,357631
1786056312623,19718144,1064143,357631
1786056312674,19726336,1068442,357658
1786056312724,19726336,1068620,357676
1786056312775,19726336,1068778,357690
1786056312827,19689472,1068936,357704
1786056312878,19689472,1069114,357722
1786056312930,19689472,1069272,357736
1786056312982,19689472,1069430,357750
1786056313033,19689472,1069588,357764
1786056313084,19689472,1069746,357778
1786056313135,19689472,1069904,357792
1786056313186,19689472,1070062,357806
1786056313237,19689472,1070220,357820
1786056313289,19689472,1070378,357834
1786056313340,19689472,1070536,357848
1786056313391,19689472,1070694,357862
1786056313441,19689472,1070852,357876
1786056313493,19693568,1071010,357890
1786056313544,19693568,1071188,357908
1786056313595,19693568,1071188,357908
1786056313646,19693568,1071188,357908
1786056313697,19693568,1071188,357908
1786056313747,19693568,1071188,357908
1786056313797,19693568,1071188,357908
1786056313848,19693568,1071188,357908
1786056313900,19693568,1071188,357908
1786056313951,19693568,1071188,357908
1786056314001,19693568,1071188,357908
1786056314051,19693568,1071188,357908
1786056314101,19693568,1071188,357908
1786056314151,19693568,1071188,357908
1786056314202,19693568,1071188,357908
1786056314253,19693568,1071188,357908
1786056314304,19693568,1071188,357908
1786056314354,19693568,1071188,357908
1786056314404,19693568,1071188,357908
1786056314455,19693568,1071188,357908
1786056314505,19693568,1071188,357908
1786056314557,19693568,1073721,358169
1786056314609,19693568,1073879,358183
1786056314672,19693568,1074037,358197
1786056314724,19693568,1074195,358211
1786056314775,19693568,1074353,358225
1786056314827,19693568,1074511,358239
1786056314878,19693568,1074669,358253
1786056314929,19693568,1074827,358267
1786056314983,19693568,1074985,358281
1786056315034,19693568,1075143,358295
1786056315086,19693568,1075301,358309
1786056315137,19701760,1075459,358323
1786056315189,19701760,1075617,358337
1786056315239,19701760,1075775,358351
1786056315290,19701760,1075933,358365
1786056315342,19701760,1076091,358379
1786056315393,19701760,1076249,358393
1786056315445,19701760,1076407,358407
1786056315496,19701760,1076565,358421
1786056315547,19701760,1076723,358435
1786056315597,19701760,1076723,358435
1786056315647,19701760,1076723,358435
1786056315697,19701760,1076723,358435
1786056315747,19701760,1076723,358435
1786056315798,19701760,1076723,358435
1786056315849,19701760,1076723,358435
1786056315899,19701760,1076723,358435
1786056315950,19701760,1076723,358435
1786056316000,19701760,1076723,358435
1786056316051,19701760,1076723,358435
1786056316101,19701760,1076723,358435
1786056316151,19701760,1076723,358435
1786056316202,19701760,1076723,358435
1786056316252,19701760,1076723,358435
1786056316302,19701760,1076723,358435
1786056316352,19701760,1076723,358435
1786056316403,19701760,1076723,358435
1786056316454,19701760,1076723,358435
1786056316504,19701760,1076723,358435
1786056316555,19701760,1079256,358696
1786056316607,19701760,1079414,358710
1786056316658,19701760,1079572,358724
1786056316710,19701760,1079730,358738
1786056316761,19701760,1079888,358752
1786056316812,19701760,1080046,358766
1786056316862,19701760,1080204,358780
1786056316914,19701760,1080362,358794
1786056316965,19705856,1080520,358808
1786056317017,19705856,1080698,358826
1786056317069,19705856,1080856,358840
1786056317119,19705856,1081014,358854
1786056317171,19705856,1081172,358868
1786056317222,19709952,1081330,358882
1786056317273,19709952,1081488,358896
1786056317324,19709952,1081646,358910
1786056317375,19709952,1081804,358924
1786056317426,19709952,1081962,358938
1786056317478,19709952,1082120,358952
1786056317529,19714048,1082278,358966
1786056317580,19714048,1082436,358980
1786056317631,19714048,1082594,358994
1786056317683,19714048,1082752,359008
1786056317734,19718144,1082910,359022
1786056317786,19718144,1083068,359036
1786056317838,19718144,1083226,359050
1786056317889,19718144,1083384,359064
1786056317941,19718144,1083542,359078
1786056317992,19718144,1083700,359092
1786056318042,19718144,1083858,359106
1786056318094,19718144,1084016,359120
1786056318144,19718144,1084174,359134
1786056318195,19718144,1084332,359148
1786056318248,19718144,1084490,359162
1786056318301,19718144,1084648,359176
1786056318352,19718144,1084806,359190
1786056318404,19718144,1084964,359204
1786056318455,19718144,1085122,359218
1786056318507,19718144,1085280,359232
1786056318557,19718144,1085438,359246
1786056318608,19718144,1085596,359260
1786056318659,19718144,1085754,359274
1786056318711,19718144,1085912,359288
1786056318763,19718144,1086070,359302
1786056318815,19718144,1086228,359316
1786056318866,19718144,1086386,359330
1786056318917,19718144,1086544,359344
1786056318968,19718144,1086702,359358
1786056319019,19718144,1086860,359372
1786056319071,19718144,1087018,359386
1786056319123,19718144,1087176,359400
1786056319174,19718144,1087334,359414
1786056319225,19718144,1087492,359428
1786056319275,19718144,1087650,359442
1786056319327,19718144,1087808,359456
1786056319378,19734528,1087966,359470
1786056319429,19734528,1087966,359470
1786056319479,19734528,1087966,359470
1786056319530,19734528,1088394,359514
1786056319582,19734528,1088552,359528
1786056319633,19734528,1088710,359542
1786056319684,19734528,1088868,359556
1786056319734,19734528,1089026,359570
1786056319786,19734528,1089184,359584
1786056319837,19734528,1089342,359598
1786056319888,19738624,1089500,359612
1786056319939,19738624,1089678,359630
1786056319991,19738624,1089836,359644
1786056320042,19738624,1089994,359658
1786056320093,19738624,1090152,359672
1786056320144,19738624,1090310,359686
1786056320195,19738624,1090468,359700
1786056320246,19738624,1090626,359714
1786056320298,19738624,1090784,359728
1786056320352,19738624,1090942,359742
1786056320403,19738624,1091100,359756
1786056320454,19738624,1091258,359770
1786056320505,19738624,1091416,359784
1786056320556,19738624,1091574,359798
1786056320607,19742720,1091574,359798
1786056320657,19742720,1091574,359798
1786056320707,19742720,1091574,359798
1786056320757,19742720,1091574,359798
1786056320807,19742720,1091574,359798
1786056320858,19742720,1091574,359798
1786056320908,19742720,1091574,359798
1786056320959,19742720,1091574,359798
1786056321010,19742720,1091574,359798
1786056321060,19742720,1091574,359798
1786056321111,19742720,1091574,359798
1786056321161,19742720,1091574,359798
1786056321211,19742720,1091574,359798
1786056321267,19755008,1101409,359985
1786056321318,19755008,1101587,360003
1786056321370,19755008,1101745,360017
1786056321422,19755008,1101903,360031
1786056321472,19755008,1102061,360045
1786056321522,19755008,1102061,360045
1786056321574,19755008,1102344,360072
1786056321625,19755008,1102502,360086
1786056321676,19755008,1102660,360100
1786056321727,19755008,1102818,360114
1786056321777,19755008,1102976,360128
1786056321829,19759104,1103134,360142
1786056321880,19759104,1103312,360160
1786056321931,19759104,1103470,360174
1786056321982,19759104,1103628,360188
1786056322034,19759104,1103786,360202
1786056322085,19759104,1103944,360216
1786056322136,19759104,1104102,360230
1786056322188,19759104,1104260,360244
1786056322238,19759104,1104418,360258
1786056322289,19759104,1104576,360272
1786056322340,19759104,1104734,360286
1786056322391,19759104,1104892,360300
1786056322442,19759104,1105050,360314
1786056322494,19759104,1105208,360328
1786056322544,19759104,1105366,360342
1786056322595,19759104,1105366,360342
1786056322645,19759104,1105366,360342
1786056322695,19759104,1105366,360342
1786056322746,19759104,1105366,360342
1786056322797,19759104,1105366,360342
1786056322848,19759104,1105366,360342
1786056322898,19759104,1105366,360342
1786056322949,19759104,1105366,360342
1786056322999,19759104,1105366,360342
1786056323050,19759104,1105366,360342
1786056323100,19759104,1105366,360342
1786056323151,19759104,1105366,360342
1786056323202,19759104,1105366,360342
1786056323252,19759104,1105366,360342
1786056323302,19759104,1105366,360342
1786056323353,19759104,1105366,360342
1786056323404,19759104,1105366,360342
1786056323454,19759104,1105366,360342
1786056323505,19759104,1105366,360342
1786056323556,19759104,1107899,360603
1786056323607,19759104,1108057,360617
1786056323658,19759104,1108215,360631
1786056323710,19759104,1108373,360645
1786056323761,19759104,1108531,360659
1786056323812,19759104,1108689,360673
1786056323864,19759104,1108847,360687
1786056323915,19759104,1109005,360701
1786056323966,19759104,1109163,360715
1786056324018,19759104,1109321,360729
1786056324069,19763200,1109479,360743
1786056324119,19763200,1109657,360761
1786056324171,19763200,1109815,360775
1786056324221,19763200,1109973,360789
1786056324273,19763200,1110131,360803
1786056324324,19763200,1110289,360817
1786056324374,19763200,1110447,360831
1786056324425,19767296,1110605,360845
1786056324476,19767296,1110783,360863
1786056324527,19767296,1110941,360877
1786056324578,19767296,1111099,360891
1786056324629,19767296,1111257,360905
1786056324680,19771392,1111415,360919
1786056324731,19771392,1111593,360937
1786056324782,19771392,1111751,360951
1786056324838,19771392,1111909,360965
1786056324897,19771392,1112067,360979
1786056324949,19771392,1112225,360993
1786056325000,19771392,1112383,361007
1786056325051,19771392,1112541,361021
1786056325104,19771392,1112699,361035
1786056325155,19771392,1112857,361049
1786056325206,19771392,1113015,361063
1786056325258,19771392,1113173,361077
1786056325314,19787776,1113331,361091
1786056325365,19787776,1113331,361091
1786056325416,19787776,1113331,361091
1786056325466,19787776,1113331,361091
1786056325516,19787776,1113331,361091
1786056325569,19791872,1114009,361161
1786056325621,19791872,1114187,361179
1786056325672,19791872,1114345,361193
1786056325724,19791872,1114503,361207
1786056325775,19791872,1114661,361221
1786056325827,19795968,1114819,361235
1786056325878,19795968,1114997,361253
1786056325929,19795968,1115155,361267
1786056325980,19795968,1115313,361281
1786056326032,19795968,1115471,361295
1786056326083,19795968,1115629,361309
1786056326133,19800064,1115787,361323
1786056326185,19800064,1115965,361341
1786056326236,19800064,1116123,361355
1786056326287,19800064,1116281,361369
1786056326339,19800064,1116439,361383
1786056326391,19800064,1116597,361397
1786056326448,19800064,1116755,361411
1786056326501,19800064,1116913,361425
1786056326552,19800064,1117071,361439
1786056326603,19800064,1117071,361439
1786056326653,19800064,1117071,361439
1786056326704,19800064,1117071,361439
1786056326755,19800064,1117071,361439
1786056326805,19800064,1117071,361439
1786056326855,19800064,1117071,361439
1786056326905,19800064,1117071,361439
1786056326956,19800064,1117071,361439
1786056327006,19800064,1117071,361439
1786056327056,19800064,1117071,361439
1786056327107,19800064,1117071,361439
1786056327157,19800064,1117071,361439
1786056327207,19800064,1117071,361439
1786056327257,19800064,1117071,361439
1786056327307,19800064,1117071,361439
1786056327357,19800064,1117071,361439
1786056327407,19800064,1117071,361439
1786056327457,19800064,1117071,361439
1786056327507,19800064,1117071,361439
1786056327558,19800064,1119604,361700
1786056327609,19816448,1119762,361714
1786056327661,19820544,1119940,361732
1786056327712,19820544,1120118,361750
1786056327763,19820544,1120276,361764
1786056327814,19820544,1120434,361778
1786056327865,19824640,1120592,361792
1786056327916,19824640,1120770,361810
1786056327967,19824640,1120928,361824
1786056328019,19824640,1121086,361838
1786056328069,19824640,1121244,361852
1786056328121,19824640,1121402,361866
1786056328175,19824640,1121560,361880
1786056328225,19824640,1121718,361894
1786056328277,19824640,1121876,361908
1786056328327,19824640,1122034,361922
1786056328378,19824640,1122192,361936
1786056328429,19824640,1122350,361950
1786056328481,19824640,1122508,361964
1786056328532,19824640,1122666,361978
1786056328582,19824640,1122824,361992
1786056328634,19824640,1122982,362006
1786056328685,19824640,1123140,362020
1786056328736,19824640,1123298,362034
1786056328788,19824640,1123456,362048
1786056328838,19828736,1123614,362062
1786056328889,19828736,1123792,362080
1786056328940,19828736,1123950,362094
1786056328992,19828736,1124108,362108
1786056329043,19828736,1124266,362122
1786056329095,19828736,1124424,362136
1786056329146,19828736,1124582,362150
1786056329198,19828736,1124740,362164
1786056329250,19828736,1124898,362178
1786056329301,19828736,1125056,362192
1786056329352,19828736,1125214,362206
1786056329403,19828736,1125372,362220
1786056329455,19828736,1125530,362234
1786056329507,19828736,1125688,362248
1786056329559,19828736,1125846,362262
1786056329610,19828736,1126004,362276
1786056329661,19828736,1126162,362290
1786056329712,19828736,1126320,362304
1786056329765,19828736,1126478,362318
1786056329816,19828736,1126636,362332
1786056329868,19828736,1126794,362346
1786056329921,19828736,1126952,362360
1786056329980,19828736,1127110,362374
1786056330032,19828736,1127268,362388
1786056330084,19828736,1127426,362402
1786056330135,19828736,1127584,362416
1786056330187,19828736,1127742,362430
1786056330238,19828736,1127900,362444
1786056330293,19832832,1128058,362458
1786056330344,19832832,1128236,362476
1786056330395,19832832,1128394,362490
1786056330446,19832832,1128552,362504
1786056330498,19832832,1128710,362518
1786056330548,19832832,1128868,362532
1786056330599,19832832,1128868,362532
1786056330650,19832832,1128868,362532
1786056330700,19832832,1128868,362532
1786056330750,19832832,1128868,362532
1786056330800,19832832,1128868,362532
1786056330851,19832832,1128868,362532
1786056330901,19832832,1128868,362532
1786056330952,19832832,1128868,362532
1786056331002,19832832,1128868,362532
1786056331052,19832832,1128868,362532
1786056331103,19832832,1128868,362532
1786056331154,19832832,1128868,362532
1786056331204,19832832,1128868,362532
1786056331255,19832832,1128868,362532
1786056331306,19832832,1128868,362532
1786056331356,19832832,1128868,362532
1786056331406,19832832,1128868,362532
1786056331457,19832832,1128868,362532
1786056331508,19832832,1128868,362532
1786056331560,19832832,1131401,362793
1786056331611,19832832,1131559,362807
1786056331663,19832832,1131717,362821
1786056331714,19832832,1131875,362835
1786056331765,19832832,1132033,362849
1786056331816,19832832,1132191,362863
1786056331868,19832832,1132349,362877
1786056331919,19836928,1132507,362891
1786056331970,19836928,1132685,362909
1786056332022,19836928,1132843,362923
1786056332072,19836928,1133001,362937
1786056332123,19836928,1133159,362951
1786056332175,19836928,1133317,362965
1786056332230,19836928,1133475,362979
1786056332282,19836928,1133633,362993
1786056332333,19836928,1133791,363007
1786056332384,19836928,1133949,363021
1786056332434,19836928,1134107,363035
1786056332486,19836928,1134265,363049
1786056332538,19836928,1134423,363063
1786056332589,19836928,1134581,363077
1786056332640,19836928,1134739,363091
1786056332691,19836928,1134897,363105
1786056332742,19836928,1135055,363119
1786056332793,19836928,1135213,363133
1786056332844,19836928,1135371,363147
1786056332896,19836928,1135529,363161
1786056332947,19836928,1135687,363175
1786056332999,19836928,1135845,363189
1786056333049,19836928,1136003,363203
1786056333101,19836928,1136161,363217
1786056333153,19836928,1136319,363231
1786056333205,19836928,1136477,363245
1786056333255,19836928,1136635,363259
1786056333306,19836928,1136793,363273
1786056333358,19836928,1136951,363287
1786056333409,19836928,1137109,363301
1786056333461,19836928,1137267,363315
1786056333512,19836928,1137425,363329
1786056333562,19836928,1137583,363343
1786056333613,19836928,1137583,363343
1786056333664,19836928,1137583,363343
1786056333714,19836928,1137583,363343
1786056333764,19836928,1137583,363343
1786056333815,19836928,1137583,363343
1786056333866,19836928,1137583,363343
1786056333916,19836928,1137583,363343
1786056333967,19836928,1137583,363343
1786056334017,19836928,1137583,363343
1786056334068,19836928,1137583,363343
1786056334118,19836928,1137583,363343
1786056334169,19836928,1137583,363343
1786056334219,19836928,1137583,363343
1786056334269,19836928,1137583,363343
1786056334320,19836928,1137583,363343
1786056334371,19836928,1137583,363343
1786056334421,19836928,1137583,363343
1786056334472,19836928,1137583,363343
1786056334522,19836928,1137583,363343
1786056334573,19836928,1140116,363604
1786056334625,19836928,1140274,363618
1786056334677,19836928,1140432,363632
1786056334728,19836928,1140590,363646
1786056334780,19836928,1140748,363660
1786056334832,19836928,1140906,363674
1786056334883,19836928,1141064,363688
1786056334934,19836928,1141222,363702
1786056334985,19836928,1141380,363716
1786056335036,19836928,1141538,363730
1786056335088,19836928,1141696,363744
1786056335139,19836928,1141854,363758
1786056335190,19836928,1142012,363772
1786056335241,19836928,1142170,363786
1786056335292,19836928,1142328,363800
1786056335343,19853312,1142486,363814
1786056335395,19853312,1142664,363832
1786056335445,19853312,1142822,363846
1786056335497,19853312,1142980,363860
1786056335549,19853312,1143138,363874
1786056335600,19853312,1143138,363874
1786056335651,19853312,1143138,363874
1786056335702,19853312,1143138,363874
1786056335753,19853312,1143138,363874
1786056335803,19853312,1143138,363874
1786056335854,19853312,1143138,363874
1786056335904,19853312,1143138,363874
1786056335955,19853312,1143138,363874
1786056336006,19853312,1143138,363874
1786056336056,19853312,1143138,363874
1786056336106,19853312,1143138,363874
1786056336157,19853312,1143138,363874
1786056336207,19853312,1143138,363874
1786056336257,19853312,1143138,363874
1786056336308,19853312,1143138,363874
1786056336358,19853312,1143138,363874
1786056336409,19853312,1143138,363874
1786056336459,19853312,1143138,363874
1786056336510,19853312,1143138,363874
1786056336562,19853312,1145671,364135
1786056336612,19853312,1145829,364149
1786056336664,19853312,1145987,364163
1786056336715,19853312,1146145,364177
1786056336767,19853312,1146303,364191
1786056336819,19853312,1146461,364205
1786056336870,19853312,1146619,364219
1786056336921,19853312,1146777,364233
1786056336973,19853312,1146935,364247
1786056337026,19853312,1147093,364261
1786056337078,19853312,1147251,364275
1786056337129,19853312,1147409,364289
1786056337180,19857408,1147567,364303
1786056337231,19861504,1147745,364321
1786056337282,19861504,1147923,364339
1786056337333,19861504,1148081,364353
1786056337384,19861504,1148239,364367
1786056337435,19861504,1148397,364381
1786056337485,19861504,1148555,364395
1786056337536,19861504,1148713,364409
1786056337588,19861504,1148871,364423
1786056337640,19861504,1149029,364437
1786056337695,19861504,1149187,364451
1786056337746,19861504,1149345,364465
1786056337797,19861504,1149503,364479
1786056337848,19865600,1149661,364493
1786056337899,19865600,1149839,364511
1786056337951,19865600,1149997,364525
1786056338002,19865600,1150155,364539
1786056338053,19865600,1150313,364553
1786056338104,19865600,1150471,364567
1786056338154,19869696,1150629,364581
1786056338206,19869696,1150807,364599
1786056338257,19869696,1150965,364613
1786056338307,19869696,1151123,364627
1786056338360,19869696,1151281,364641
1786056338424,19869696,1151439,364655
1786056338475,19873792,1151597,364669
1786056338527,19873792,1151775,364687
1786056338578,19873792,1151933,364701
1786056338629,19873792,1151933,364701
1786056338679,19873792,1151933,364701
1786056338729,19873792,1151933,364701
1786056338779,19873792,1151933,364701
1786056338830,19873792,1151933,364701
1786056338880,19873792,1151933,364701
1786056338931,19873792,1151933,364701
1786056338981,19873792,1151933,364701
1786056339032,19873792,1151933,364701
1786056339083,19873792,1151933,364701
1786056339133,19873792,1151933,364701
1786056339183,19873792,1151933,364701
1786056339234,19873792,1151933,364701
1786056339285,19873792,1151933,364701
1786056339336,19873792,1151933,364701
1786056339386,19873792,1151933,364701
1786056339437,19873792,1151933,364701
1786056339487,19873792,1151933,364701
1786056339539,19873792,1154341,364949
1786056339590,19873792,1154499,364963
1786056339641,19873792,1154657,364977
1786056339691,19873792,1154815,364991
1786056339742,19873792,1154973,365005
1786056339796,19873792,1155131,365019
1786056339848,19873792,1155289,365033
1786056339899,19873792,1155447,365047
1786056339950,19873792,1155605,365061
1786056340002,19873792,1155763,365075
1786056340054,19873792,1155921,365089
1786056340106,19873792,1156079,365103
1786056340166,19877888,1156237,365117
1786056340218,19877888,1156415,365135
1786056340271,19877888,1156573,365149
1786056340322,19877888,1156731,365163
1786056340373,19877888,1156889,365177
1786056340424,19877888,1157047,365191
1786056340475,19877888,1157205,365205
1786056340526,19877888,1157363,365219
1786056340578,19877888,1157521,365233
1786056340629,19877888,1157679,365247
1786056340681,19877888,1157837,365261
1786056340732,19877888,1157995,365275
1786056340783,19877888,1158153,365289
1786056340838,19877888,1158311,365303
1786056340891,19877888,1158469,365317
1786056340945,19877888,1158627,365331
1786056340996,19877888,1158785,365345
1786056341048,19877888,1158943,365359
1786056341099,19877888,1159101,365373
1786056341150,19877888,1159259,365387
1786056341201,19877888,1159417,365401
1786056341253,19877888,1159575,365415
1786056341304,19877888,1159733,365429
1786056341355,19877888,1159891,365443
1786056341407,19877888,1160049,365457
1786056341458,19877888,1160207,365471
1786056341510,19877888,1160365,365485
1786056341562,19877888,1160523,365499
1786056341612,19877888,1160523,365499
1786056341662,19877888,1160523,365499
1786056341713,19877888,1160523,365499
1786056341763,19877888,1160523,365499
1786056341814,19877888,1160523,365499
1786056341865,19877888,1160523,365499
1786056341915,19877888,1160523,365499
1786056341965,19877888,1160523,365499
1786056342015,19877888,1160523,365499
1786056342066,19877888,1160523,365499
1786056342117,19877888,1160523,365499
1786056342167,19877888,1160523,365499
1786056342218,19877888,1160523,365499
1786056342269,19877888,1160523,365499
1786056342319,19877888,1160523,365499
1786056342369,19877888,1160523,365499
1786056342420,19877888,1160523,365499
1786056342470,19877888,1160523,365499
1786056342521,19877888,1160523,365499
1786056342572,19877888,1163056,365760
1786056342624,19877888,1163214,365774
1786056342675,19877888,1163372,365788
1786056342726,19877888,1163530,365802
1786056342777,19877888,1163688,365816
1786056342829,19877888,1163846,365830
1786056342880,19877888,1164004,365844
1786056342931,19881984,1164162,365858
1786056342982,19886080,1164340,365876
1786056343033,19886080,1164518,365894
1786056343084,19902464,1164676,365908
1786056343135,19902464,1164676,365908
1786056343185,19902464,1164676,365908
1786056343236,19902464,1164676,365908
1786056343287,19902464,1164676,365908
1786056343338,19902464,1164676,365908
1786056343388,19902464,1164676,365908
1786056343438,19902464,1164676,365908
1786056343489,19902464,1164676,365908
1786056343539,19902464,1165854,366030
1786056343591,19902464,1166012,366044
1786056343642,19902464,1166170,366058
1786056343693,19902464,1166328,366072
1786056343744,19902464,1166486,366086
1786056343795,19902464,1166644,366100
1786056343846,19902464,1166802,366114
1786056343897,19902464,1166960,366128
1786056343949,19902464,1167118,366142
1786056344000,19902464,1167276,366156
1786056344051,19902464,1167434,366170
1786056344103,19902464,1167592,366184
1786056344154,19902464,1167750,366198
1786056344205,19902464,1167908,366212
1786056344255,19902464,1167908,366212
1786056344306,19902464,1167908,366212
1786056344356,19902464,1167908,366212
1786056344407,19902464,1167908,366212
1786056344457,19902464,1167908,366212
1786056344507,19902464,1167908,366212
1786056344558,19902464,1168816,366304
1786056344609,19902464,1168974,366318
1786056344661,19902464,1169132,366332
1786056344712,19902464,1169290,366346
1786056344764,19902464,1169448,366360
1786056344815,19902464,1169606,366374
1786056344866,19918848,1169764,366388
1786056344916,19918848,1169764,366388
1786056344966,19918848,1169764,366388
1786056345017,19918848,1169764,366388
1786056345067,19918848,1169764,366388
1786056345118,19918848,1169764,366388
1786056345168,19918848,1169764,366388
1786056345218,19918848,1169764,366388
1786056345268,19918848,1169764,366388
1786056345319,19918848,1169764,366388
1786056345369,19918848,1169764,366388
1786056345419,19918848,1169764,366388
1786056345470,19918848,1169764,366388
1786056345521,19918848,1169764,366388
1786056345573,19918848,1171567,366575
1786056345624,19918848,1171725,366589
1786056345675,19918848,1171883,366603
1786056345726,19918848,1172041,366617
1786056345777,19918848,1172199,366631
1786056345829,19918848,1172357,366645
1786056345880,19918848,1172515,366659
1786056345931,19918848,1172673,366673
1786056345982,19918848,1172831,366687
1786056346033,19918848,1172989,366701
1786056346084,19918848,1173147,366715
1786056346136,19918848,1173305,366729
1786056346188,19918848,1173463,366743
1786056346239,19918848,1173621,366757
1786056346291,19918848,1173779,366771
1786056346342,19922944,1173937,366785
1786056346393,19922944,1174115,366803
1786056346445,19922944,1174273,366817
1786056346496,19922944,1174431,366831
1786056346547,19922944,1174589,366845
1786056346598,19922944,1174589,366845
1786056346648,19927040,1174589,366845
1786056346698,19927040,1174589,366845
1786056346749,19927040,1174589,366845
1786056346799,19927040,1174589,366845
1786056346850,19927040,1174589,366845
1786056346900,19927040,1174589,366845
1786056346951,19927040,1174589,366845
1786056347002,19927040,1174589,366845
1786056347052,19927040,1174589,366845
1786056347102,19927040,1174589,366845
1786056347153,19927040,1174589,366845
1786056347203,19927040,1174589,366845
1786056347254,19927040,1174589,366845
1786056347304,19927040,1174589,366845
1786056347355,19927040,1174589,366845
1786056347405,19927040,1174589,366845
1786056347455,19927040,1174589,366845
1786056347505,19927040,1174589,366845
1786056347556,19927040,1189206,367110
1786056347607,19927040,1189364,367124
1786056347658,19927040,1189522,367138
1786056347709,19927040,1189680,367152
1786056347761,19927040,1189838,367166
1786056347812,19927040,1189996,367180
1786056347863,19927040,1190154,367194
1786056347915,19927040,1190312,367208
1786056347966,19927040,1190470,367222
1786056348017,19927040,1190628,367236
1786056348069,19927040,1190786,367250
1786056348119,19927040,1190944,367264
1786056348170,19927040,1191102,367278
1786056348220,19927040,1191260,367292
1786056348271,19927040,1191418,367306
1786056348322,19931136,1191576,367320
1786056348373,19931136,1191754,367338
1786056348424,19931136,1191912,367352
1786056348476,19931136,1192070,367366
1786056348527,19931136,1192228,367380
1786056348578,19931136,1192386,367394
1786056348628,19931136,1192386,367394
1786056348679,19931136,1192386,367394
1786056348729,19931136,1192386,367394
1786056348779,19931136,1192386,367394
1786056348830,19931136,1192386,367394
1786056348880,19931136,1192386,367394
1786056348931,19931136,1192386,367394
1786056348982,19931136,1192386,367394
1786056349032,19931136,1192386,367394
1786056349083,19931136,1192386,367394
1786056349133,19931136,1192386,367394
1786056349184,19931136,1192386,367394
1786056349235,19931136,1192386,367394
1786056349286,19931136,1192386,367394
1786056349336,19931136,1192386,367394
1786056349387,19931136,1192386,367394
1786056349438,19931136,1192386,367394
1786056349488,19931136,1192386,367394
1786056349539,19931136,1194794,367642
1786056349590,19931136,1194952,367656
1786056349641,19931136,1195110,367670
1786056349692,19931136,1195268,367684
1786056349743,19931136,1195426,367698
1786056349795,19931136,1195584,367712
1786056349846,19931136,1195742,367726
1786056349898,19931136,1195900,367740
1786056349950,19931136,1196058,367754
1786056350001,19931136,1196216,367768
1786056350052,19931136,1196374,367782
1786056350103,19935232,1196532,367796
1786056350155,19935232,1196710,367814
1786056350206,19935232,1196868,367828
1786056350257,19935232,1197026,367842
1786056350308,19935232,1197184,367856
1786056350358,19935232,1197342,367870
1786056350410,19935232,1197500,367884
1786056350461,19935232,1197658,367898
1786056350513,19935232,1197816,367912
1786056350564,19935232,1197974,367926
1786056350616,19935232,1197974,367926
1786056350667,19935232,1197974,367926
1786056350717,19935232,1197974,367926
1786056350767,19935232,1197974,367926
1786056350818,19935232,1197974,367926
1786056350868,19935232,1197974,367926
1786056350919,19935232,1197974,367926
1786056350969,19935232,1197974,367926
1786056351019,19935232,1197974,367926
1786056351070,19935232,1197974,367926
1786056351121,19935232,1197974,367926
1786056351171,19935232,1197974,367926
1786056351222,19935232,1197974,367926
1786056351272,19935232,1197974,367926
1786056351322,19935232,1197974,367926
1786056351373,19935232,1197974,367926
1786056351423,19935232,1197974,367926
1786056351474,19935232,1197974,367926
1786056351524,19935232,1197974,367926
1786056351575,19951616,1200507,368187
1786056351626,19951616,1200507,368187
1786056351676,19951616,1200507,368187
1786056351727,19951616,1200507,368187
1786056351777,19951616,1200507,368187
1786056351827,19951616,1200507,368187
1786056351877,19951616,1200507,368187
1786056351927,19951616,1200507,368187
1786056351978,19951616,1200507,368187
1786056352028,19951616,1200507,368187
1786056352079,19951616,1200507,368187
1786056352130,19951616,1200507,368187
1786056352180,19951616,1200507,368187
1786056352231,19951616,1200507,368187
1786056352281,19951616,1200507,368187
1786056352332,19951616,1200507,368187
1786056352383,19951616,1200507,368187
1786056352433,19951616,1200507,368187
1786056352483,19951616,1200507,368187
1786056352534,19951616,1202935,368439
1786056352585,19951616,1203093,368453
1786056352637,19951616,1203251,368467
1786056352687,19951616,1203409,368481
1786056352749,19951616,1203567,368495
1786056352803,19951616,1203725,368509
1786056352867,19951616,1203883,368523
1786056352918,19951616,1204041,368537
1786056352968,19951616,1204199,368551
1786056353020,19951616,1204357,368565
1786056353071,19951616,1204515,368579
1786056353122,19951616,1204673,368593
1786056353173,19951616,1204831,368607
1786056353224,19951616,1204989,368621
1786056353277,19951616,1205147,368635
1786056353328,19951616,1205305,368649
1786056353379,19951616,1205463,368663
1786056353431,19951616,1205621,368677
1786056353483,19951616,1205779,368691
1786056353535,19951616,1205937,368705
1786056353586,19951616,1206095,368719
1786056353637,19951616,1206253,368733
1786056353690,19951616,1206411,368747
1786056353743,19951616,1206569,368761
1786056353794,19951616,1206727,368775
1786056353845,19951616,1206885,368789
1786056353897,19951616,1207043,368803
1786056353947,19951616,1207201,368817
1786056353999,19951616,1207359,368831
1786056354050,19951616,1207517,368845
1786056354101,19951616,1207675,368859
1786056354152,19951616,1207833,368873
1786056354203,19951616,1207991,368887
1786056354254,19951616,1208149,368901
1786056354305,19951616,1208307,368915
1786056354356,19951616,1208465,368929
1786056354408,19951616,1208623,368943
1786056354460,19951616,1208781,368957
1786056354513,19951616,1208939,368971
1786056354564,19951616,1209097,368985
1786056354614,19951616,1209097,368985
1786056354664,19951616,1209097,368985
1786056354716,19951616,1209097,368985
1786056354766,19951616,1209097,368985
1786056354817,19951616,1209097,368985
1786056354868,19951616,1209097,368985
1786056354919,19951616,1209097,368985
1786056354969,19951616,1209097,368985
1786056355020,19951616,1209097,368985
1786056355070,19951616,1209097,368985
1786056355121,19951616,1209097,368985
1786056355171,19951616,1209097,368985
1786056355222,19951616,1209097,368985
1786056355272,19951616,1209097,368985
1786056355323,19951616,1209097,368985
1786056355374,19951616,1209097,368985
1786056355424,19951616,1209097,368985
1786056355474,19951616,1209097,368985
1786056355525,19951616,1209097,368985
